rmse,cpu_mean,memory_mean,mean_translation _error
0.548518915995232,33.4778369386296,239453837.617021,0.672977780742908
