,Unnamed: 0,rmse,cpu_mean,memory_mean,mean_translation _error
0,0,0.02336515132924936,10.2877478290214,464866995.891892,0.1666578699835649
