rmse,cpu_mean,memory_mean,mean_translation _error
0.104398405398303,58.7862005742212,439827406.716578,0.319497882352781
