,Unnamed: 0,rmse,cpu_mean,memory_mean,mean_translation _error
0,0,84.20238034887936,12.304494592590402,241457865.348315,7.733649544149614
