rmse,cpu_mean,memory_mean,mean_translation _error
1.02573823773581,21.6602272490699,214860055.272727,0.982464139642743
