rmse,cpu_mean,memory_mean,mean_translation _error
1.49168552052303,53.1571695380602,960932113.066667,1.05202938466737
