rmse,cpu_mean,memory_mean,mean_translation _error
0.403155027580882,13.5401130779989,220040961.446328,0.576995810829336
